{
    "rho": {
        "mean": 0.7799800381288761,
        "std": 1.8387980721167874,
        "symlog": 1
    },
    "rho_gradient_x": {
        "mean": 8.162461229383505e-05,
        "std": 2.610810341499387,
        "symlog": 1
    },
    "rho_gradient_y": {
        "mean": -0.00018799217092215227,
        "std": 2.6113638391563,
        "symlog": 1
    },
    "rho_gradient_z": {
        "mean": 0.0002508399805427471,
        "std": 2.611507521110748,
        "symlog": 1
    },
    "tau_GDA": {
        "mean": 1.5516481009952876,
        "std": 3.5297143682344028,
        "symlog": 1
    },
    "tau_TF": {
        "mean": 1.4075223573821305,
        "std": 3.3922657367238904,
        "symlog": 1
    },
    "tau_VW": {
        "mean": 1.2397349319156594,
        "std": 3.1657267001516307,
        "symlog": 1
    },
    "ex_LDA": {
        "mean": -0.44714343954347424,
        "std": 0.5282247168684632,
        "symlog": 1
    },
    "z": {
        "mean": 1.4719901008915675,
        "std": 1.725610665932991,
        "symlog": 1
    },
    "alpha": {
        "mean": 0.852522469621564,
        "std": 0.9788654642164829,
        "symlog": 1
    },
    "reduced_grad": {
        "mean": 0.6918328198400964,
        "std": 0.8463104175108733,
        "symlog": 1
    },
    "sigma": {
        "mean": 2.3269740912402828,
        "std": 5.643812523272569,
        "symlog": 1
    },
    "weight": {
        "mean": 0.03734770630381017,
        "std": 0.14146946113650166,
        "symlog": 1
    },
    "exc_GDA": {
        "mean": -0.4634948516599753,
        "std": 0.5326060678794946,
        "symlog": 1
    },
    "vrho_GDA": {
        "mean": -0.5302204919718965,
        "std": 0.5801492586193062,
        "symlog": 1
    },
    "vsigma_GDA": {
        "mean": -0.23158448036926968,
        "std": 0.39634166515311026,
        "symlog": 1
    },
    "vtau_GDA": {
        "mean": 0.0028770751100975853,
        "std": 0.0020952081323900155,
        "symlog": 1
    },
    "exc_MS2": {
        "min": -100.85807487967682,
        "max": 0.0
    },
    "vrho_MS2": {
        "min": -116.58127610245022,
        "max": 0.0
    },
    "vsigma_MS2": {
        "min": -53.1979292515191,
        "max": 0.0
    },
    "vtau_MS2": {
        "min": -1.0154217746022351e-15,
        "max": 0.1644977034731945
    }
}